,tournament,year,participants,event,event_name
uzvntuig,2022 SDHSAA STATE DEBATE INDIVIDUAL EVENTS CHAMPIONSHIP,"2022 — Harrisburg, SD/US",8,LD,A-Lincoln Douglas
qlwiannl,2022 SDHSAA STATE DEBATE INDIVIDUAL EVENTS CHAMPIONSHIP,"2022 — Harrisburg, SD/US",17,LD,AA-Lincoln Douglas
sqkchqcb,2022 SDHSAA STATE DEBATE INDIVIDUAL EVENTS CHAMPIONSHIP,"2022 — Harrisburg, SD/US",14,PF,A-Public Forum
wwuolwva,2022 SDHSAA STATE DEBATE INDIVIDUAL EVENTS CHAMPIONSHIP,"2022 — Harrisburg, SD/US",23,PF,AA-Public Forum
mqdmuxox,NORTHERN SOUTH DAKOTA DISTRICT TOURNAMENT,2022 — SD/US,9,LD,Lincoln Douglas
ethfpjnj,NORTHERN SOUTH DAKOTA DISTRICT TOURNAMENT,2022 — SD/US,13,PF,Public Forum
vtnrjjvl,RUSHMORE DISTRICT TOURNAMENT,2022 — SD/US,15,LD,Lincoln Douglas
rmzobijm,RUSHMORE DISTRICT TOURNAMENT,2022 — SD/US,32,PF,Public Forum
schwterr,THE RUSHMORE CHALLENGE,"2022 — Harrisburg, SD/US",10,LD,Junior Varsity Lincoln Douglas Debate
pusgtbtq,THE RUSHMORE CHALLENGE,"2022 — Harrisburg, SD/US",23,LD,Varsity Lincoln Douglas Debate
sdtkrwnu,THE RUSHMORE CHALLENGE,"2022 — Harrisburg, SD/US",24,PF,Junior Varsity Public Forum Debate
gtajlapo,THE RUSHMORE CHALLENGE,"2022 — Harrisburg, SD/US",29,PF,Varsity Public Forum Debate
stackfwc,LEWIS AND CLARK INVITATIONAL,"2022 — Yankton, SD/US",14,LD,Novice Lincoln Douglas
fyrperbb,LEWIS AND CLARK INVITATIONAL,"2022 — Yankton, SD/US",19,LD,Varsity Lincoln Douglas
mnicfnbd,LEWIS AND CLARK INVITATIONAL,"2022 — Yankton, SD/US",15,PF,Novice Public Forum
ulclblky,LEWIS AND CLARK INVITATIONAL,"2022 — Yankton, SD/US",26,PF,Varsity Public Forum
fduvihzh,SPEECH FIESTA,"2022 — Watertown, SD/US",8,LD,Novice Lincoln-Douglas
uqlwlacs,SPEECH FIESTA,"2022 — Watertown, SD/US",11,LD,Varsity Lincoln-Douglas
zhcaxueb,SPEECH FIESTA,"2022 — Watertown, SD/US",5,PF,JV Public Forum
qjcopwud,SPEECH FIESTA,"2022 — Watertown, SD/US",11,PF,Novice Public Forum
uphoswqf,SPEECH FIESTA,"2022 — Watertown, SD/US",14,PF,Varsity Public Forum
npnuumbo,LINCOLN SILVER BOWL,"2022 — NSDA Campus, SD/US",8,LD,Novice LD
idbhidtf,LINCOLN SILVER BOWL,"2022 — NSDA Campus, SD/US",14,LD,Varsity LD
akjwnwrp,LINCOLN SILVER BOWL,"2022 — NSDA Campus, SD/US",10,PF,Novice Public Forum
xgcedusj,LINCOLN SILVER BOWL,"2022 — NSDA Campus, SD/US",15,PF,Varsity Public Forum
rnguauoe,CFC 2,"2022 — Lennox, SD/US",6,LD,Novice Lincoln-Douglas
svlyvdfq,CFC 2,"2022 — Lennox, SD/US",6,LD,Varsity Lincoln-Douglas
achomunx,CFC 2,"2022 — Lennox, SD/US",9,PF,Novice Public Forum
anwyamfl,CFC 2,"2022 — Lennox, SD/US",6,PF,Varsity Public Forum
doczflmq,BROOKINGS BELL,"2021 — Brookings, SD/US",16,LD,Novice LD
wsdexvad,BROOKINGS BELL,"2021 — Brookings, SD/US",19,LD,Varsity LD
asipqbql,BROOKINGS BELL,"2021 — Brookings, SD/US",15,PF,JV Public Forum
igqsynyt,BROOKINGS BELL,"2021 — Brookings, SD/US",22,PF,Novice Public Forum
ntgktcom,BROOKINGS BELL,"2021 — Brookings, SD/US",15,PF,Varsity Public Forum
ridbamrx,ABERDEEN NOVICE ONLINE 2,"2021 — Online, SD/US",6,LD,Novice Lincoln Douglas
yadklkcz,ABERDEEN NOVICE ONLINE 2,"2021 — Online, SD/US",28,PF,Novice Public Forum
zttpkhix,CAVALIER INVITE,"2021 — Sioux Falls, SD/US",9,LD,Novice Lincoln-Douglas
oolprrsm,CAVALIER INVITE,"2021 — Sioux Falls, SD/US",7,LD,Varsity Lincoln-Douglas
itgljjze,CAVALIER INVITE,"2021 — Sioux Falls, SD/US",13,PF,Novice Public Forum
dmrxkypl,CAVALIER INVITE,"2021 — Sioux Falls, SD/US",12,PF,Varsity Public Forum
wzveznma,OG NOVICE JOUST,"2021 — Sioux Falls, SD/US",10,LD,Lincoln-Douglas
afejervj,OG NOVICE JOUST,"2021 — Sioux Falls, SD/US",20,PF,Public Forum
jkmhvvjz,MCGOVERN TOURNAMENT,"2021 — Mitchell, SD, SD/US",7,LD,Novice Lincoln-Douglas
dlxmzcqn,MCGOVERN TOURNAMENT,"2021 — Mitchell, SD, SD/US",13,LD,Varsity Lincoln-Douglas
qschphwm,MCGOVERN TOURNAMENT,"2021 — Mitchell, SD, SD/US",10,PF,Junior Varsity Public Forum
uimwiroy,MCGOVERN TOURNAMENT,"2021 — Mitchell, SD, SD/US",34,PF,Novice Public Forum
ttpdnfim,MCGOVERN TOURNAMENT,"2021 — Mitchell, SD, SD/US",14,PF,Varsity Public Forum
pflisiha,NOVICE AFTER SCHOOL,"2021 — Sioux Falls, SD/US",5,LD,Lincoln-Douglas
nkvtuyzu,NOVICE AFTER SCHOOL,"2021 — Sioux Falls, SD/US",37,PF,Public Forum
ainxtluh,SF ROOSEVELT SWEETSTAKES,"2021 — Sioux Falls, SD/US",13,LD,Novice Lincoln Douglas
ctmsskjm,SF ROOSEVELT SWEETSTAKES,"2021 — Sioux Falls, SD/US",19,LD,Varsity Lincoln Douglas
ahzhjqwe,SF ROOSEVELT SWEETSTAKES,"2021 — Sioux Falls, SD/US",10,PF,JV Public Forum
tifdzraq,SF ROOSEVELT SWEETSTAKES,"2021 — Sioux Falls, SD/US",23,PF,Novice Public Forum
xzkpnrai,SF ROOSEVELT SWEETSTAKES,"2021 — Sioux Falls, SD/US",16,PF,Varsity Public Forum
ocqdxghl,SFL NOVICE AFTER SCHOOL,"2021 — Sioux Falls, SD/US",6,LD,Novice LD
muqbsajs,SFL NOVICE AFTER SCHOOL,"2021 — Sioux Falls, SD/US",42,PF,Novice Public Forum
fxhettfs,GOLDEN EAGLE CUP ABERDEEN CENTRAL,"2021 — Aberdeen, SD/US",8,LD,JV Lincoln Douglas
rcptivsv,GOLDEN EAGLE CUP ABERDEEN CENTRAL,"2021 — Aberdeen, SD/US",6,LD,Varsity Lincoln Douglas
eaqewzbs,GOLDEN EAGLE CUP ABERDEEN CENTRAL,"2021 — Aberdeen, SD/US",13,LD,Novice LD
zfitfpmf,GOLDEN EAGLE CUP ABERDEEN CENTRAL,"2021 — Aberdeen, SD/US",8,PF,JV Public Forum
vmxsoywz,GOLDEN EAGLE CUP ABERDEEN CENTRAL,"2021 — Aberdeen, SD/US",20,PF,Novice Public Forum
jaimwgim,GOLDEN EAGLE CUP ABERDEEN CENTRAL,"2021 — Aberdeen, SD/US",16,PF,Varsity Public Forum
shifmfbd,RINGNECK NOVICE AFTER SCHOOL TOURNAMENT,"2021 — Online, SD/US",3,LD,Novice Lincoln Douglas
xaoefcev,RINGNECK NOVICE AFTER SCHOOL TOURNAMENT,"2021 — Online, SD/US",36,PF,Novice Public Forum
aldsiqna,SFR NOVICE TOURNAMENT,"2021 — Sioux Falls, SD/US",10,LD,Lincoln-Douglas
gylpdmri,SFR NOVICE TOURNAMENT,"2021 — Sioux Falls, SD/US",35,PF,Public Forum
dpfsmvax,SDHSAA STATE DEBATE AND INDIVIDUAL EVENTS 2021 TOURNAMENT,"2021 — Online, SD/US",6,LD,A-Lincoln Douglas
zmhkjdfx,SDHSAA STATE DEBATE AND INDIVIDUAL EVENTS 2021 TOURNAMENT,"2021 — Online, SD/US",12,LD,AA-Lincoln Douglas
giscodjv,SDHSAA STATE DEBATE AND INDIVIDUAL EVENTS 2021 TOURNAMENT,"2021 — Online, SD/US",13,PF,A-Public Forum
gveskbhg,SDHSAA STATE DEBATE AND INDIVIDUAL EVENTS 2021 TOURNAMENT,"2021 — Online, SD/US",16,PF,AA-Public Forum
lbmslzqw,RUSHMORE DISTRICT TOURNAMENT,2021 — SD/US,15,LD,Lincoln Douglas
xodeqryv,RUSHMORE DISTRICT TOURNAMENT,2021 — SD/US,24,PF,Public Forum
npwbhfuv,NORTHERN SOUTH DAKOTA DISTRICT TOURNAMENT,2021 — SD/US,10,LD,Lincoln Douglas
gohcybhd,NORTHERN SOUTH DAKOTA DISTRICT TOURNAMENT,2021 — SD/US,20,PF,Public Forum
fblhbhrl,THE RUSHMORE CHALLENGE,"2021 — Online, SD/US",12,LD,Novice LD
hovoomby,THE RUSHMORE CHALLENGE,"2021 — Online, SD/US",22,LD,Varsity LD
lddbtiaq,THE RUSHMORE CHALLENGE,"2021 — Online, SD/US",17,PF,Novice PF
dyfisiie,THE RUSHMORE CHALLENGE,"2021 — Online, SD/US",33,PF,Varsity PF
vcihtjzx,CENTRAL FORENSICS CONFERENCE 3,"2021 — Online, SD/US",7,LD,Novice Lincoln Douglas
eowqzvif,CENTRAL FORENSICS CONFERENCE 3,"2021 — Online, SD/US",7,LD,Varsity Lincoln Douglas
ydyicemb,CENTRAL FORENSICS CONFERENCE 3,"2021 — Online, SD/US",9,PF,Novice Public Forum
dprkuqgj,CENTRAL FORENSICS CONFERENCE 3,"2021 — Online, SD/US",15,PF,Varsity Public Forum
rlfamssy,LEWIS AND CLARK INVITATIONAL 2021,"2021 — Online, SD/US",12,LD,Novice Lincoln Douglas
dvwezwbv,LEWIS AND CLARK INVITATIONAL 2021,"2021 — Online, SD/US",20,LD,Varsity Lincoln Douglas
oaekmlxz,LEWIS AND CLARK INVITATIONAL 2021,"2021 — Online, SD/US",16,PF,Junior Varsity Public Forum
projeyln,LEWIS AND CLARK INVITATIONAL 2021,"2021 — Online, SD/US",28,PF,Novice Public Forum
wxsibpmw,LEWIS AND CLARK INVITATIONAL 2021,"2021 — Online, SD/US",27,PF,Varsity Public Forum
llexpiwp,2020 WATERTOWN SPEECH FIESTA,"2021 — Online, SD/US",8,LD,Novice Lincoln-Douglas
enfgrtzm,2020 WATERTOWN SPEECH FIESTA,"2021 — Online, SD/US",9,LD,Varsity Lincoln-Douglas
dojzxuok,2020 WATERTOWN SPEECH FIESTA,"2021 — Online, SD/US",24,PF,Novice Public Forum
kuokfzko,2020 WATERTOWN SPEECH FIESTA,"2021 — Online, SD/US",15,PF,Varsity Public Forum
pntwmwpd,LINCOLN SILVER BOWL,"2021 — Online, SD/US",9,LD,Novice LD
dfnchqcy,LINCOLN SILVER BOWL,"2021 — Online, SD/US",14,LD,Varsity LD
lviycqnk,LINCOLN SILVER BOWL,"2021 — Online, SD/US",8,PF,JV Public Forum
cpuyhdkk,LINCOLN SILVER BOWL,"2021 — Online, SD/US",19,PF,Novice Public Forum
qegzruql,LINCOLN SILVER BOWL,"2021 — Online, SD/US",14,PF,Varsity Public Forum
lkkoxlaz,SD CENTRAL FORENSICS CONFERENCE TOURNAMENT 2,"2021 — Online, SD/US",5,LD,Lincoln-Douglas
webgzmyx,SD CENTRAL FORENSICS CONFERENCE TOURNAMENT 2,"2021 — Online, SD/US",8,PF,Novice Public Forum
vaoyrort,SD CENTRAL FORENSICS CONFERENCE TOURNAMENT 2,"2021 — Online, SD/US",8,PF,Varsity Public Forum
mgyfzfgx,RAPID CITY STEVENS PENGUIN CLASSIC,"2021 — Online, SD/US",5,LD,JV Lincoln Douglas
jomchljz,RAPID CITY STEVENS PENGUIN CLASSIC,"2021 — Online, SD/US",11,LD,Varsity Lincoln Douglas
kfvpihpe,RAPID CITY STEVENS PENGUIN CLASSIC,"2021 — Online, SD/US",15,PF,Novice Public Forum
pcyhrbft,RAPID CITY STEVENS PENGUIN CLASSIC,"2021 — Online, SD/US",10,PF,Varsity Public Forum
dqkjokjd,BROOKINGS BELL,"2020 — ZRMS Brookings, SD/US",11,LD,Novice Lincoln Douglas
akwkkykd,BROOKINGS BELL,"2020 — ZRMS Brookings, SD/US",18,LD,Varsity Lincoln Douglas
kuadguie,BROOKINGS BELL,"2020 — ZRMS Brookings, SD/US",9,PF,JV Public Forum
qgypkpan,BROOKINGS BELL,"2020 — ZRMS Brookings, SD/US",33,PF,Novice Public Forum
gfpwuygs,BROOKINGS BELL,"2020 — ZRMS Brookings, SD/US",11,PF,Varsity Public Forum
atowiiph,EVERLASTING NOVICE INTERNATIONAL MEMORIAL CHAMPIONSHIP CLASSIC,"2020 — Online, SD/US",2,PF,Novice Public Forum
nzniitra,CENTRAL FORENSICS CONFERENCE 1,"2020 — Online, SD/US",3,LD,Novice Lincoln-Douglas
owpfghfa,CENTRAL FORENSICS CONFERENCE 1,"2020 — Online, SD/US",6,LD,Varsity Lincoln-Douglas
scqveyub,CENTRAL FORENSICS CONFERENCE 1,"2020 — Online, SD/US",11,PF,Novice Public Forum
qfvvndbb,CENTRAL FORENSICS CONFERENCE 1,"2020 — Online, SD/US",7,PF,Varsity Public Forum
dfnnkkzp,SOUTH DAKOTA NOVICE DEBATE TOURNAMENT 5 PF LD AND CONGRESS,"2020 — Online, SD/US",3,LD,Novice Lincoln Douglas
exchpnvv,SOUTH DAKOTA NOVICE DEBATE TOURNAMENT 5 PF LD AND CONGRESS,"2020 — Online, SD/US",25,PF,Novice Public Forum
jyncnmfh,SOUTH DAKOTA NOVICE DEBATE TOURNAMENT 4,"2020 — Online, SD/US",13,LD,Novice Lincoln Douglas
xifqaluq,SOUTH DAKOTA NOVICE DEBATE TOURNAMENT 4,"2020 — Online, SD/US",53,PF,Novice Public Forum
ddkgkyam,WASHINGTON WARRIOR INVITE NIETOC BID,"2020 — Sioux Falls - Online, SD/US",12,LD,Novice Lincoln-Douglas
edhwypsb,WASHINGTON WARRIOR INVITE NIETOC BID,"2020 — Sioux Falls - Online, SD/US",12,LD,Varsity Lincoln-Douglas
xfbgpubn,WASHINGTON WARRIOR INVITE NIETOC BID,"2020 — Sioux Falls - Online, SD/US",14,PF,JV Public Forum
jckgbxmm,WASHINGTON WARRIOR INVITE NIETOC BID,"2020 — Sioux Falls - Online, SD/US",23,PF,Novice Public Forum
yeqyzktd,WASHINGTON WARRIOR INVITE NIETOC BID,"2020 — Sioux Falls - Online, SD/US",14,PF,Varsity Public Forum
nlnljxbm,SOUTH DAKOTA NOVICE NIGHT 3,"2020 — Online, SD/US",5,LD,Lincoln-Douglas
yuekfvoo,SOUTH DAKOTA NOVICE NIGHT 3,"2020 — Online, SD/US",32,PF,Public Forum
ftsjflfi,SF ROOSEVELT SWEETSTAKES,"2020 — Online, SD/US",11,LD,Novice Lincoln-Douglas
lqzlkbcd,SF ROOSEVELT SWEETSTAKES,"2020 — Online, SD/US",14,LD,Varsity Lincoln-Douglas
zhnhodzr,SF ROOSEVELT SWEETSTAKES,"2020 — Online, SD/US",20,PF,Novice Public Forum
xmfrxlkl,SF ROOSEVELT SWEETSTAKES,"2020 — Online, SD/US",28,PF,Varsity Public Forum
cghniaxh,SFR AND SFL NOVICE TOURNAMENT,"2020 — Online, SD/US",15,LD,Lincoln-Douglas
fgshzlcn,SFR AND SFL NOVICE TOURNAMENT,"2020 — Online, SD/US",72,PF,Public Forum
niptndrt,GOLDEN EAGLE CUP,"2020 — Online, SD/US",20,LD,Varsity Lincoln Douglas
bxsiygsw,GOLDEN EAGLE CUP,"2020 — Online, SD/US",14,LD,Novice LD
wrmwlott,GOLDEN EAGLE CUP,"2020 — Online, SD/US",9,PF,JV Public Forum
tmocvuge,GOLDEN EAGLE CUP,"2020 — Online, SD/US",25,PF,Novice Public Forum
cqfrnvwv,GOLDEN EAGLE CUP,"2020 — Online, SD/US",14,PF,Varsity Public Forum
bhzgyoxe,ABERDEEN RINGNECK NOVICE DEBATE TOURNAMENT,"2020 — Online, SD/US",13,LD,Novice Lincoln Douglas
fgrvzinf,ABERDEEN RINGNECK NOVICE DEBATE TOURNAMENT,"2020 — Online, SD/US",22,PF,Cohort 1 Novice Public Forum
lhinqxqd,ABERDEEN RINGNECK NOVICE DEBATE TOURNAMENT,"2020 — Online, SD/US",22,PF,Cohort 2 Novice Public Forum
xvflnxmu,ABERDEEN RINGNECK NOVICE DEBATE TOURNAMENT,"2020 — Online, SD/US",19,PF,Cohort 3 Novice Public Forum
fntrnojf,ABERDEEN RINGNECK NOVICE DEBATE TOURNAMENT,"2020 — Online, SD/US",20,PF,Cohort 4 Novice Public Forum
ylmvwlkd,THE RUSHMORE CHALLENGE,"2020 — Harrisburg, SD/US",9,LD,Novice LD
vtbnbbay,THE RUSHMORE CHALLENGE,"2020 — Harrisburg, SD/US",22,LD,Varsity LD
pscjyjft,THE RUSHMORE CHALLENGE,"2020 — Harrisburg, SD/US",24,PF,Novice PF
lgxsjugy,THE RUSHMORE CHALLENGE,"2020 — Harrisburg, SD/US",37,PF,Varsity PF
xstklukq,CFC 3 ROOSEVELT,"2020 — Sioux Falls, SD/US",5,LD,Novice Lincoln-Douglas
hppmrmja,CFC 3 ROOSEVELT,"2020 — Sioux Falls, SD/US",6,LD,Varsity Lincoln-Douglas
rsqhvyrw,CFC 3 ROOSEVELT,"2020 — Sioux Falls, SD/US",21,PF,Novice Public Forum
pxhpmwev,CFC 3 ROOSEVELT,"2020 — Sioux Falls, SD/US",20,PF,Varsity Public Forum
qxnwpvit,LEWIS AND CLARK INVITATIONAL 2020,"2020 — Yankton, SD/US",19,LD,Novice LD
vyukpsft,LEWIS AND CLARK INVITATIONAL 2020,"2020 — Yankton, SD/US",23,LD,Varsity LD
nwwasiud,LEWIS AND CLARK INVITATIONAL 2020,"2020 — Yankton, SD/US",16,PF,Novice Public Forum
xdeanbdq,LEWIS AND CLARK INVITATIONAL 2020,"2020 — Yankton, SD/US",27,PF,Varsity Public Forum
tjqxueua,LINCOLN SILVER BOWL,"2020 — Sioux Falls, SD/US",7,LD,Novice LD
uwoycclt,LINCOLN SILVER BOWL,"2020 — Sioux Falls, SD/US",24,LD,Varsity LD
dhgqtcwd,LINCOLN SILVER BOWL,"2020 — Sioux Falls, SD/US",11,PF,JV Public Forum
kjuthalj,LINCOLN SILVER BOWL,"2020 — Sioux Falls, SD/US",18,PF,Novice Public Forum
lpprsaoy,LINCOLN SILVER BOWL,"2020 — Sioux Falls, SD/US",27,PF,Varsity Public Forum
lcoqidlz,2019 BROOKINGS BELL,"2019 — Brookings, SD/US",11,LD,Novice LD
pnodbgsr,2019 BROOKINGS BELL,"2019 — Brookings, SD/US",11,LD,Varsity LD
gdmjzmrv,2019 BROOKINGS BELL,"2019 — Brookings, SD/US",7,PF,JV Public Forum
rwnlpksm,2019 BROOKINGS BELL,"2019 — Brookings, SD/US",17,PF,Novice Public Forum
udzcghmf,2019 BROOKINGS BELL,"2019 — Brookings, SD/US",15,PF,Varsity Public Forum
cwrrbtxo,CFC 1 LENNOX,"2019 — Lennox, SD/US",3,LD,Novice Lincoln-Douglas
tzkkkihk,CFC 1 LENNOX,"2019 — Lennox, SD/US",3,LD,Varsity Lincoln-Douglas
qvjkbvrk,CFC 1 LENNOX,"2019 — Lennox, SD/US",17,PF,Novice Public Forum
dpatwkni,CFC 1 LENNOX,"2019 — Lennox, SD/US",12,PF,Varsity Public Forum
ibdghyrb,OGORMAN NOVICE JOUST,"2019 — Sioux Falls, SD/US",27,PF,Public Forum
blsolfww,NOVICE AFTER SCHOOL WASHINGTON,"2019 — Sioux Falls, SD/US",28,PF,Public Forum
ytoovsjq,GEORGE MCGOVERN TOURNAMENT,"2019 — Mitchell, SD/US",16,LD,Novice Lincoln-Douglas
ftzvakbu,GEORGE MCGOVERN TOURNAMENT,"2019 — Mitchell, SD/US",13,LD,Varsity Lincoln-Douglas
vntqiukt,GEORGE MCGOVERN TOURNAMENT,"2019 — Mitchell, SD/US",16,PF,Junior Varsity Public Forum
jtlkxsvb,GEORGE MCGOVERN TOURNAMENT,"2019 — Mitchell, SD/US",27,PF,Novice Public Forum
jrrvvwob,GEORGE MCGOVERN TOURNAMENT,"2019 — Mitchell, SD/US",18,PF,Varsity Public Forum
eotrgkul,SF ROOSEVELT SWEETSTAKES,"2019 — Sioux Falls, SD/US",20,LD,Novice Lincoln Douglas
zuwfuolk,SF ROOSEVELT SWEETSTAKES,"2019 — Sioux Falls, SD/US",16,LD,Varsity Lincoln Douglas
qnpuqsok,SF ROOSEVELT SWEETSTAKES,"2019 — Sioux Falls, SD/US",42,PF,Novice Public Forum
nzkiuwlo,SF ROOSEVELT SWEETSTAKES,"2019 — Sioux Falls, SD/US",45,PF,Varsity Public Forum
bojgcuor,SFL NOVICE AFTERSCHOOL,"2019 — Sioux Falls, SD/US",5,LD,Novice LD
wdpthbvu,SFL NOVICE AFTERSCHOOL,"2019 — Sioux Falls, SD/US",60,PF,Novice Public Forum
zdwmhkou,SFR NOVICE TOURNAMENT,"2019 — Sioux Falls, SD/US",7,LD,Lincoln-Douglas
tqegctno,SFR NOVICE TOURNAMENT,"2019 — Sioux Falls, SD/US",65,PF,Public Forum
vnyloqzm,TD PF,"2019 — Sioux Falls, SD/US",9,PF,Public Forum
kcznodnb,RUSHMORE DISTRICT TOURNAMENT,2019 — SD/US,13,LD,Lincoln Douglas
bfiigeux,RUSHMORE DISTRICT TOURNAMENT,2019 — SD/US,31,PF,Public Forum
uqavrfdw,THE RUSHMORE CHALLENGE HOSTED BY HHS,"2019 — Sioux Falls, SD/US",9,LD,Novice LD
rqingngn,THE RUSHMORE CHALLENGE HOSTED BY HHS,"2019 — Sioux Falls, SD/US",22,LD,Varsity LD
kmlkpbev,THE RUSHMORE CHALLENGE HOSTED BY HHS,"2019 — Sioux Falls, SD/US",20,PF,Novice PF
wxqpastz,THE RUSHMORE CHALLENGE HOSTED BY HHS,"2019 — Sioux Falls, SD/US",37,PF,Varsity PF
ypkypkkl,HURON CFC,"2019 — HURON, SD/US",6,LD,Novice Lincoln-Douglas
rxdctoml,HURON CFC,"2019 — HURON, SD/US",9,LD,Varsity Lincoln-Douglas
bfxcrzsa,HURON CFC,"2019 — HURON, SD/US",12,PF,Novice Public Forum
vxanhvuw,HURON CFC,"2019 — HURON, SD/US",19,PF,Varsity Public Forum
wcdqxprd,LEWIS AND CLARK INVITATIONAL,"2019 — Yankton, SD/US",6,LD,Novice LD
xkeaiqbc,LEWIS AND CLARK INVITATIONAL,"2019 — Yankton, SD/US",17,LD,Varsity LD
addeniui,LEWIS AND CLARK INVITATIONAL,"2019 — Yankton, SD/US",16,PF,Novice Public Forum
wvzzfzyt,LEWIS AND CLARK INVITATIONAL,"2019 — Yankton, SD/US",28,PF,Varsity Public Forum
gadelcru,LINCOLN SILVER BOWL,"2019 — Sioux Falls, SD/US",8,LD,Novice LD
dwekcsnf,LINCOLN SILVER BOWL,"2019 — Sioux Falls, SD/US",20,LD,Varsity LD
xhoaxywm,LINCOLN SILVER BOWL,"2019 — Sioux Falls, SD/US",14,PF,JV Public Forum
pewaqisg,LINCOLN SILVER BOWL,"2019 — Sioux Falls, SD/US",23,PF,Novice Public Forum
drfkzyft,LINCOLN SILVER BOWL,"2019 — Sioux Falls, SD/US",27,PF,Varsity Public Forum
bnpcowtz,CFC 2,"2019 — Sioux Falls Washington, SD/US",13,LD,Varsity Lincoln-Douglas
ggjmbdir,CFC 2,"2019 — Sioux Falls Washington, SD/US",13,PF,Novice Public Forum
mgzhqdzt,CFC 2,"2019 — Sioux Falls Washington, SD/US",16,PF,Varsity Public Forum
fipbnymz,BROOKINGS BELL,"2018 — Brookings, SD/US",6,LD,Novice LD
hoisjgau,BROOKINGS BELL,"2018 — Brookings, SD/US",12,LD,Varsity LD
lxxganhf,BROOKINGS BELL,"2018 — Brookings, SD/US",6,PF,JV Public Forum
fgmmjfsk,BROOKINGS BELL,"2018 — Brookings, SD/US",24,PF,Novice Public Forum
bppohumu,BROOKINGS BELL,"2018 — Brookings, SD/US",26,PF,Varsity Public Forum
cmoiyqrn,WARRIOR NOVICE EXTRAVAGANZA,"2018 — Sioux Falls, SD/US",14,PF,Public Forum
itbiddqa,LINCOLN COUNTY QUARREL NOVICE DEBATE TOURNAMENT,"2018 — Harrisburg, SD/US",4,LD,LD
hgltnafj,LINCOLN COUNTY QUARREL NOVICE DEBATE TOURNAMENT,"2018 — Harrisburg, SD/US",35,PF,PF
xswkvxfd,GEORGE MCGOVERN FORENSIC INVITATIONAL AT MITCHELL HIGH SCHOOL,"2018 — Mitchell, SD/US",5,LD,Novice Lincoln-Douglas
dcoyuftj,GEORGE MCGOVERN FORENSIC INVITATIONAL AT MITCHELL HIGH SCHOOL,"2018 — Mitchell, SD/US",16,LD,Varsity Lincoln-Douglas
isalsoha,GEORGE MCGOVERN FORENSIC INVITATIONAL AT MITCHELL HIGH SCHOOL,"2018 — Mitchell, SD/US",12,PF,Junior Varsity Public Forum
byhqoefc,GEORGE MCGOVERN FORENSIC INVITATIONAL AT MITCHELL HIGH SCHOOL,"2018 — Mitchell, SD/US",36,PF,Novice Public Forum
hpquqmrp,GEORGE MCGOVERN FORENSIC INVITATIONAL AT MITCHELL HIGH SCHOOL,"2018 — Mitchell, SD/US",27,PF,Varsity Public Forum
upztimgi,SFR NOVICE TOURNAMENT,"2018 — Sioux Falls, SD/US",3,LD,Lincoln Douglas
nlakxxyj,SFR NOVICE TOURNAMENT,"2018 — Sioux Falls, SD/US",29,PF,Public Forum
vmtdqlky,SFR NOVICE TOURNAMENT,"2018 — Sioux Falls, SD/US",14,PF,SFR Public Forum
gbdsoukq,SF ROOSEVELT SWEETSTAKES,2018 — SD/US,4,LD,Novice Lincoln Douglas
xaxamfzx,SF ROOSEVELT SWEETSTAKES,2018 — SD/US,18,LD,Varsity Lincoln Douglas
yvxkxozn,SF ROOSEVELT SWEETSTAKES,2018 — SD/US,38,PF,Novice Public Forum
xnqqxmqd,SF ROOSEVELT SWEETSTAKES,2018 — SD/US,47,PF,Varsity Public Forum
txsatnyf,OGORMAN NOVICE JOUST,"2018 — Sioux Falls O'Gorman HS, SD/US",6,LD,Lincoln-Douglas
ksrukxds,OGORMAN NOVICE JOUST,"2018 — Sioux Falls O'Gorman HS, SD/US",49,PF,Public Forum
vniqwwzy,SFL NOVICE AFTERSCHOOL,"2018 — Sioux Falls, SD/US",6,LD,Novice LD
zkypdwkf,SFL NOVICE AFTERSCHOOL,"2018 — Sioux Falls, SD/US",31,PF,Novice Public Forum
lqaybdeh,CFC 3,"2018 — Brandon, SD/US",9,LD,Novice Lincoln-Douglas
lavrssmk,CFC 3,"2018 — Brandon, SD/US",19,LD,Varsity Lincoln-Douglas
pbugfhwq,CFC 3,"2018 — Brandon, SD/US",9,PF,Novice Public Forum
phiikelw,CFC 3,"2018 — Brandon, SD/US",32,PF,Varsity Public Forum
fdfhpvul,2018 LINCOLN SILVER BOWL,"2018 — Sioux Falls, SD/US",15,LD,Novice LD
pobwijuf,2018 LINCOLN SILVER BOWL,"2018 — Sioux Falls, SD/US",21,LD,Varsity LD
nevpatwy,2018 LINCOLN SILVER BOWL,"2018 — Sioux Falls, SD/US",18,PF,JV Public Forum
gnngazyj,2018 LINCOLN SILVER BOWL,"2018 — Sioux Falls, SD/US",17,PF,Novice Public Forum
ubjdaupj,2018 LINCOLN SILVER BOWL,"2018 — Sioux Falls, SD/US",28,PF,Varsity Public Forum
mgugfwoa,BROOKINGS BELL,2017 — SD/US,6,LD,Novice LD
lyugavpk,BROOKINGS BELL,2017 — SD/US,13,LD,Varsity LD
efkqvuum,BROOKINGS BELL,2017 — SD/US,14,PF,JV Public Forum
wwcyxhgt,BROOKINGS BELL,2017 — SD/US,17,PF,Novice Public Forum
uijhrnvd,BROOKINGS BELL,2017 — SD/US,18,PF,Varsity Public Forum
inookwkd,CENTRAL FORENSICS CONFERENCE 1 LENNOX,2017 — SD/US,6,LD,Novice Lincoln-Douglas
fwcrhwdi,CENTRAL FORENSICS CONFERENCE 1 LENNOX,2017 — SD/US,9,LD,Varsity Lincoln-Douglas
cftmcapm,CENTRAL FORENSICS CONFERENCE 1 LENNOX,2017 — SD/US,13,PF,Novice Public Forum
tvjdhdbw,CENTRAL FORENSICS CONFERENCE 1 LENNOX,2017 — SD/US,10,PF,Varsity Public Forum
olbkrdfi,WARRIOR NOVICE EXTRAVAGANZA,"2017 — Sioux Falls Washington, SD/US",11,PF,Public Forum
oshyomoc,WARRIOR NOVICE EXTRAVAGANZA,"2017 — Sioux Falls Washington, SD/US",8,PF,Public Forum - B
eidxwnrr,UNOFFICIAL DAK 12 TOURNAMENT,"2017 — Tea, SD/US",5,LD,Lincoln-Douglas
gkjgsape,UNOFFICIAL DAK 12 TOURNAMENT,"2017 — Tea, SD/US",14,PF,Public Forum
pczroymn,LINCOLN COUNTY QUARREL,2017 — SD/US,4,LD,LD
clvtzsxq,LINCOLN COUNTY QUARREL,2017 — SD/US,21,PF,Cumbee Stevens November PF Topic
yjapfgon,LINCOLN COUNTY QUARREL,2017 — SD/US,14,PF,PF
pykhernl,SFR NOVICE AFTER SCHOOL,2017 — SD/US,9,LD,Lincoln Douglas
cxzuyobo,SFR NOVICE AFTER SCHOOL,2017 — SD/US,37,PF,Public Forum
mwqmkxwc,SFR NOVICE AFTER SCHOOL,2017 — SD/US,11,PF,SFR Public Forum
nzuipqtj,OGORMAN NOVICE AFTER SCHOOL,2017 — SD/US,7,LD,Lincoln-Douglas
uazeyold,OGORMAN NOVICE AFTER SCHOOL,2017 — SD/US,42,PF,Public Forum
cbrbhypv,SF ROOSEVELT SWEETSTAKES,"2017 — Sioux Falls, SD/US",15,LD,Novice Lincoln Douglas
xkztuakf,SF ROOSEVELT SWEETSTAKES,"2017 — Sioux Falls, SD/US",16,LD,Varsity Lincoln Douglas
dgoagqae,SF ROOSEVELT SWEETSTAKES,"2017 — Sioux Falls, SD/US",27,PF,Novice Public Forum
nmqrdfdg,SF ROOSEVELT SWEETSTAKES,"2017 — Sioux Falls, SD/US",38,PF,Varsity Public Forum
gptrdiks,SFL NOVICE AFTER SCHOOL,"2017 — Sioux Falls, SD/US",9,LD,Novice Lincoln Douglas Debate
aqlmfxcj,SFL NOVICE AFTER SCHOOL,"2017 — Sioux Falls, SD/US",22,PF,Novice Public Forum
ywejsxee,HARRISBURG RUSHMORE CHALLENGE,2017 — SD/US,11,LD,Novice LD
hivsmobm,HARRISBURG RUSHMORE CHALLENGE,2017 — SD/US,28,LD,Varsity LD
ndjsmmte,HARRISBURG RUSHMORE CHALLENGE,2017 — SD/US,24,PF,Novice PF
lokscors,HARRISBURG RUSHMORE CHALLENGE,2017 — SD/US,40,PF,Varsity PF
ihxwbztm,HURON CFC 3,"2017 — Huron, SD/US",9,LD,Novice Lincoln-Douglas
oebnrzgu,HURON CFC 3,"2017 — Huron, SD/US",9,LD,Varsity Lincoln-Douglas
hegcgoct,HURON CFC 3,"2017 — Huron, SD/US",11,PF,Novice Public Forum
dzzviihz,HURON CFC 3,"2017 — Huron, SD/US",18,PF,Varsity Public Forum
mohhpbnl,SIOUX FALLS LINCOLN SILVER BOWL,2017 — SD/US,11,LD,Novice LD
thquplsw,SIOUX FALLS LINCOLN SILVER BOWL,2017 — SD/US,22,LD,Varsity LD
msrwakaa,SIOUX FALLS LINCOLN SILVER BOWL,2017 — SD/US,12,PF,JV Public Forum
exwzfczk,SIOUX FALLS LINCOLN SILVER BOWL,2017 — SD/US,20,PF,Novice Public Forum
ztjytclq,SIOUX FALLS LINCOLN SILVER BOWL,2017 — SD/US,25,PF,Varsity Public Forum
pguytmtg,LENNOX CFC JANUARY,"2017 — Lennox, SD/US",6,LD,Novice Lincoln-Douglas
nxoumfvu,LENNOX CFC JANUARY,"2017 — Lennox, SD/US",9,LD,Varsity Lincoln-Douglas
ectqvbje,LENNOX CFC JANUARY,"2017 — Lennox, SD/US",14,PF,Novice Public Forum
beobbtnn,LENNOX CFC JANUARY,"2017 — Lennox, SD/US",19,PF,Varsity Public Forum
epmfjtjv,CFC 1 AT ROOSEVELT,2016 — SD/US,9,LD,Novice Lincoln-Douglas
tnlmzdev,CFC 1 AT ROOSEVELT,2016 — SD/US,7,LD,Varsity Lincoln-Douglas
oxjkwfto,CFC 1 AT ROOSEVELT,2016 — SD/US,14,PF,Novice Public Forum
uozurxch,CFC 1 AT ROOSEVELT,2016 — SD/US,14,PF,Varsity Public Forum
mnhkgeac,WARRIOR NOVICE EXTRAVAGANZA,"2016 — Sioux Falls Washington HS, SD/US",5,LD,Lincoln-Douglas
yjynuwos,WARRIOR NOVICE EXTRAVAGANZA,"2016 — Sioux Falls Washington HS, SD/US",21,PF,Public Forum
zoglzpob,GEORGE MCGOVERN INVITATIONAL,"2016 — Mitchell, SD/US",9,LD,Novice Lincoln-Douglas
middlxxe,GEORGE MCGOVERN INVITATIONAL,"2016 — Mitchell, SD/US",15,LD,Varsity Lincoln-Douglas
cqtdvuxx,GEORGE MCGOVERN INVITATIONAL,"2016 — Mitchell, SD/US",10,PF,Junior Varsity Public Forum
mzkdicml,GEORGE MCGOVERN INVITATIONAL,"2016 — Mitchell, SD/US",27,PF,Novice Public Forum
ernkcoqx,GEORGE MCGOVERN INVITATIONAL,"2016 — Mitchell, SD/US",19,PF,Varsity Public Forum
rhxzjeqd,SFR NOVICE AFTER SCHOOL,2016 — SD/US,28,PF,Public Forum
toavjuyv,OGORMAN NOVICE JOUST,2016 — SD/US,7,LD,Lincoln-Douglas
kwtzkmfg,OGORMAN NOVICE JOUST,2016 — SD/US,37,PF,Public Forum
faluugkr,SF ROOSEVELT SWEETSTAKES,2016 — SD/US,18,LD,Novice Lincoln Douglas
rjbzifea,SF ROOSEVELT SWEETSTAKES,2016 — SD/US,22,LD,Varsity Lincoln Douglas
ctcqahhu,SF ROOSEVELT SWEETSTAKES,2016 — SD/US,31,PF,Novice Public Forum
cfvsqilc,SF ROOSEVELT SWEETSTAKES,2016 — SD/US,40,PF,Varsity Public Forum
eudrqvbs,SFL NOVICE AFTER SCHOOL,2016 — SD/US,9,LD,Novice Lincoln Douglas Debate
xdnqakjn,SFL NOVICE AFTER SCHOOL,2016 — SD/US,34,PF,Novice Public Forum
iciufkqn,HARRISBURG RUSHMORE CHALLENGE,2016 — SD/US,4,LD,Novice LD
hoffnzyi,HARRISBURG RUSHMORE CHALLENGE,2016 — SD/US,33,LD,Varsity LD
gobwuyra,HARRISBURG RUSHMORE CHALLENGE,2016 — SD/US,19,PF,Novice PF
ozudhipg,HARRISBURG RUSHMORE CHALLENGE,2016 — SD/US,45,PF,Varsity PF
viodahry,BRANDONCFC,2016 — SD/US,5,LD,Novice Lincoln-Douglas
wcvijgwe,BRANDONCFC,2016 — SD/US,14,LD,Varsity Lincoln-Douglas
iajauoge,BRANDONCFC,2016 — SD/US,12,PF,Novice Public Forum
kxklapvp,BRANDONCFC,2016 — SD/US,21,PF,Varsity Public Forum
vfthjbub,SIOUX FALLS LINCOLN SILVERBOWL,2016 — SD/US,10,LD,JV Lincoln-Douglas
spajewqn,SIOUX FALLS LINCOLN SILVERBOWL,2016 — SD/US,12,LD,Novice LD
tvgedaeb,SIOUX FALLS LINCOLN SILVERBOWL,2016 — SD/US,19,LD,Varsity LD
zbnmfwcd,SIOUX FALLS LINCOLN SILVERBOWL,2016 — SD/US,12,PF,JV Public Forum
lfflvmkk,SIOUX FALLS LINCOLN SILVERBOWL,2016 — SD/US,20,PF,Novice Public Forum
cjenebpg,SIOUX FALLS LINCOLN SILVERBOWL,2016 — SD/US,23,PF,Varsity Public Forum
odxgpypu,HURON CFC2,2016 — SD/US,4,LD,Novice Lincoln-Douglas
nvevvcag,HURON CFC2,2016 — SD/US,10,LD,Varsity Lincoln-Douglas
xodpjuij,HURON CFC2,2016 — SD/US,12,PF,Novice Public Forum
omuxanew,HURON CFC2,2016 — SD/US,16,PF,Varsity Public Forum
diddvmyr,BROOKINGS BELL,2015 — SD/US,10,LD,Novice LD
wryuhhyy,BROOKINGS BELL,2015 — SD/US,19,LD,Varsity LD
rwcvbkmf,BROOKINGS BELL,2015 — SD/US,15,PF,JV Public Forum
jylvsvre,BROOKINGS BELL,2015 — SD/US,21,PF,Novice Public Forum
zczaocfh,BROOKINGS BELL,2015 — SD/US,21,PF,Varsity Public Forum
lkfkdgqi,LENNOX CFC 1,2015 — SD/US,8,LD,Novice Lincoln-Douglas
sgpymrsk,LENNOX CFC 1,2015 — SD/US,10,LD,Varsity Lincoln-Douglas
jlynimml,LENNOX CFC 1,2015 — SD/US,20,PF,Novice Public Forum
zztpqdto,LENNOX CFC 1,2015 — SD/US,17,PF,Varsity Public Forum
pclliofr,SFR NOVICE AFTER SCHOOL,2015 — SD/US,4,LD,Lincoln Douglas
oijjdjxt,SFR NOVICE AFTER SCHOOL,2015 — SD/US,51,PF,Public Forum
rxowpgmg,WASHINGTON NOVICE AFTER SCHOOL,2015 — SD/US,6,LD,Lincoln Douglas
zlckysde,WASHINGTON NOVICE AFTER SCHOOL,2015 — SD/US,26,PF,Public Forum
xltnsykq,SF ROOSEVELT SWEETSTAKES,2015 — SD/US,22,LD,Novice Lincoln Douglas
ktfioqsi,SF ROOSEVELT SWEETSTAKES,2015 — SD/US,34,LD,Varsity Lincoln Douglas
iyqvgwmr,SF ROOSEVELT SWEETSTAKES,2015 — SD/US,30,PF,Novice Public Forum
urtbcaaw,SF ROOSEVELT SWEETSTAKES,2015 — SD/US,30,PF,Varsity Public Forum
afopbyyf,NOVICE AFTER SCHOOL 1,2015 — SD/US,6,LD,Novice Lincoln Douglas Debate
egalfgti,NOVICE AFTER SCHOOL 1,2015 — SD/US,23,PF,Novice Public Forum
irpnsnqv,SIOUX FALLS LINCOLN SILVER BOWL,2015 — SD/US,7,LD,JV LD
bfsuxfnp,SIOUX FALLS LINCOLN SILVER BOWL,2015 — SD/US,21,LD,Novice LD
gsqvfjcd,SIOUX FALLS LINCOLN SILVER BOWL,2015 — SD/US,19,LD,Varsity LD
qfjkuavt,SIOUX FALLS LINCOLN SILVER BOWL,2015 — SD/US,6,PF,JV Public Forum
zodvgpzp,SIOUX FALLS LINCOLN SILVER BOWL,2015 — SD/US,13,PF,Novice Public Forum
claanfwp,SIOUX FALLS LINCOLN SILVER BOWL,2015 — SD/US,28,PF,Varsity Public Forum
